{
  "project_info": {
    "project_number": "897029243620",
    "project_id": "comfort-zone-25a3b",
    "storage_bucket": "comfort-zone-25a3b.firebasestorage.app"
  },
  "client": [
    {
      "client_info": {
        "mobilesdk_app_id": "1:897029243620:android:29ffebbbc1b20afc6a62f1",
        "android_client_info": {
          "package_name": "com.example.comfortzone"
        }
      },
      "oauth_client": [
        {
          "client_id": "897029243620-2q5lnqshinp4haciai8dkslvmio5a7me.apps.googleusercontent.com",
          "client_type": 1,
          "android_info": {
            "package_name": "com.example.comfortzone",
            "certificate_hash": "5dffa2d6e88f4eecac7d4403e9f3bdab790c7b86"
          }
        },
        {
          "client_id": "897029243620-d662a1utgkemgan2iu3ojlraelna1cnu.apps.googleusercontent.com",
          "client_type": 3
        }
      ],
      "api_key": [
        {
          "current_key": "AIzaSyBIZ96hSmfl0f0HcdVyMyLNXK0pTdfyJZ4"
        }
      ],
      "services": {
        "appinvite_service": {
          "other_platform_oauth_client": [
            {
              "client_id": "897029243620-d662a1utgkemgan2iu3ojlraelna1cnu.apps.googleusercontent.com",
              "client_type": 3
            }
          ]
        }
      }
    },
    {
      "client_info": {
        "mobilesdk_app_id": "1:897029243620:android:7692c11ee432a3e26a62f1",
        "android_client_info": {
          "package_name": "com.example.grapevinesystem"
        }
      },
      "oauth_client": [
        {
          "client_id": "897029243620-d662a1utgkemgan2iu3ojlraelna1cnu.apps.googleusercontent.com",
          "client_type": 3
        }
      ],
      "api_key": [
        {
          "current_key": "AIzaSyBIZ96hSmfl0f0HcdVyMyLNXK0pTdfyJZ4"
        }
      ],
      "services": {
        "appinvite_service": {
          "other_platform_oauth_client": [
            {
              "client_id": "897029243620-d662a1utgkemgan2iu3ojlraelna1cnu.apps.googleusercontent.com",
              "client_type": 3
            }
          ]
        }
      }
    },
    {
      "client_info": {
        "mobilesdk_app_id": "1:897029243620:android:f06b4a6cc5886a586a62f1",
        "android_client_info": {
          "package_name": "example.comfortzone"
        }
      },
      "oauth_client": [
        {
          "client_id": "897029243620-d662a1utgkemgan2iu3ojlraelna1cnu.apps.googleusercontent.com",
          "client_type": 3
        }
      ],
      "api_key": [
        {
          "current_key": "AIzaSyBIZ96hSmfl0f0HcdVyMyLNXK0pTdfyJZ4"
        }
      ],
      "services": {
        "appinvite_service": {
          "other_platform_oauth_client": [
            {
              "client_id": "897029243620-d662a1utgkemgan2iu3ojlraelna1cnu.apps.googleusercontent.com",
              "client_type": 3
            }
          ]
        }
      }
    }
  ],
  "configuration_version": "1"
}