{
  "diseasesArray": [
    {
      "name": "Powdery Mildew",
      "symptoms": "White powdery spots on leaves, berries, and shoots.",
      "precautions": "Use sulfur-based fungicides and ensure proper air circulation.",
      "Remedies": "Powdery mildew is a fungal disease affecting grapevines. It thrives in dry conditions with high humidity."
    },
    {
      "name": "Downy Mildew",
      "symptoms": "Yellowish, oily spots on the upper leaf surface; white fuzzy growth underneath.",
      "precautions": "Use copper-based fungicides and remove infected leaves.",
      "Remedies": "Downy mildew is caused by Plasmopara viticola and spreads in wet conditions."
    },
    {
      "name": "Black Rot",
      "symptoms": "Brown circular lesions with black spots on leaves; shriveled, Reduced size black berries.",
      "precautions": "Apply fungicides before rainfall and remove infected parts,Use neem spray",
      "Remedies": "Use fungicides like:Captan,sulfur,Liquid Copper or neem oil"
    },
    {
      "name": "Esca",
      "symptoms": "Tiger-striped leaves,trunk rot,tiny/shriveled grapes, wilting shoots, and internal wood decay.",
      "precautions": "Avoid over-pruning, use tricotech,use balanced irrigation and fertilization.",
      "Remedies": "Remove infected vines, apply protective pruning pastes, and use sodium arsenite treatments."

    },

    {
      "name": "Leaf Blight",
      "symptoms": "Brown Leaf Spots,Leaf drop,Small grapes.",
      "precautions": "Avoid overhead watering, improve air circulation,Use turmeric Spray,Neem oil,AGRIMYCIN-S43 spowder.",
      "Remedies": "Apply copper-based fungicides, remove infected leaves, and ensure proper spacing,Use chlorothalonil,Carbendazim,copper Fungicide."
    },

    {
      "name": "Healthy",
      "symptoms": "Green, well-formed leaves, strong vines,Full grape clusters, and no visible damage.",
      "precautions": "Organic core,Natural sprays,Regular monitoring, proper fertilization, and disease prevention measures.",
      "Remedies": "Maintain proper soil nutrition, regular pruning, and use organic fertilizers,Certainly not needed."
    },
    {
      "name": "Anthracnose",
      "symptoms": "Sunken, dark brown lesions on leaves, stems, and fruits.",
      "precautions": "Use fungicides and prune affected areas.",
      "Remedies": "Anthracnose is a fungal disease that causes severe fruit rot and defoliation."
    },
    {
      "name": "Botrytis Bunch Rot",
      "symptoms": "Brownish-gray fuzzy mold on grape clusters.",
      "precautions": "Improve air circulation and avoid excessive nitrogen fertilizers.",
      "Remedies": "Botrytis cinerea, also known as gray mold, thrives in cool, damp conditions and can spread rapidly."
    }
  ]
}
